run,score,time,step
1,2104,722.913,88
1,2104,1223.47,161
1,2117,1877.24,251
1,2111,2510.29,334
1,2109,3031.25,423
1,2097,3677.67,506
1,2111,4439.22,587
1,2104,5470.18,682
1,2093,5844.44,747
1,2118,6492.55,832
1,2105,6819.97,907
1,2124,7353,1005
1,2101,7743.41,1085
1,2097,8236.98,1164
1,2120,9103.55,1267
1,2110,9580.17,1360
1,2115,10575.6,1463
1,2108,11134.2,1544
1,2130,11832.5,1639
1,2120,12466,1731
1,2109,13156.4,1823
1,2115,13667.9,1908
1,2112,14697.9,2006
1,2121,15159.7,2091
1,2112,16109.1,2199
1,2110,16628.5,2284
1,2095,17298,2362
1,2124,17676.3,2446
1,2116,18146.6,2523
1,2111,18760.6,2606
1,2108,19180,2698
1,2108,19565.7,2773
1,2118,20331.2,2870
1,2110,21298.1,2967
1,2122,21943.5,3067
1,2124,22769.5,3168
1,2107,23452.4,3255
1,2105,24136.7,3342
1,2112,24789.7,3443
1,2127,25417.9,3529
1,2098,25863.2,3607
1,2115,26549.1,3695
1,2087,27094.7,3769
1,2119,27896.5,3857
1,2120,28590.3,3950
1,2106,28936.2,4035
1,2109,29334.3,4115
1,2107,29745.1,4203
1,2114,29934.3,4265
1,2122,30995.3,4372
1,2108,31298,4456
1,2116,31774,4552
1,2100,32218,4628
1,2112,32858.7,4722
1,2111,33488,4813
1,2118,34361.3,4913
1,2106,34823.8,5003
1,2113,35214.8,5079
1,2116,35752.7,5170
1,2119,36687.7,5271
1,2113,37466.7,5377
1,2120,37988.2,5469
1,2109,38439.6,5551
1,2109,38974.7,5643
1,2115,39490,5725
1,2101,40104.2,5807
1,2116,40857.5,5901
1,2124,41574.3,6003
1,2112,42021.7,6084
1,2117,42727.4,6187
1,2100,43121.6,6265
1,2109,43649.1,6343
1,2096,44017.6,6425
1,2108,44324.8,6506
1,2123,44633.1,6587
1,2109,45647.1,6687
1,2110,46520.1,6784
1,2110,47005.3,6870
1,2108,47421.3,6950
1,2122,48066.4,7046
1,2108,48771.8,7142
1,2113,49431.3,7243
1,2096,50122.4,7331
1,2118,50723.4,7431
1,2114,51280.6,7513
1,2103,51847.2,7596
1,2125,52593.7,7686
1,2101,53164.8,7773
1,2105,53858.2,7865
1,2109,54463.2,7943
1,2110,55351,8048
1,2109,55929.4,8136
1,2096,56376.3,8214
1,2105,56966.5,8310
1,2112,57355.8,8385
1,2110,58000.9,8479
1,2109,58504.5,8561
1,2107,58888,8629
1,2105,59252.9,8722
1,2118,60264.2,8836
1,2126,60968.8,8930
1,2119,61488.9,9017
1,2110,61891.3,9101
1,2109,62454,9185
1,2118,63123.1,9286
1,2102,63815.4,9378
1,2132,64933.7,9492
1,2110,65205,9565
1,2110,65696.1,9643
1,2114,66112.2,9734
1,2120,66647.9,9830
1,2115,67449.3,9924
1,2115,67798.2,10010
1,2114,68492.6,10104
1,2103,68830.3,10182
1,2106,69734.8,10272
1,2108,70252.9,10360
1,2107,70812.1,10443
1,2110,71288.3,10535
1,2135,72231.9,10639
1,2125,73038.6,10735
1,2117,73843.6,10825
1,2118,74525.3,10913
1,2104,75046.2,11003
1,2109,75535.4,11074
1,2114,75864.2,11153
1,2107,76504.1,11245
1,2117,76970.7,11333
1,2114,77831.3,11425
1,2112,78113.6,11505
1,2116,78665.3,11608
1,2121,79594.5,11707
1,2113,80506.9,11798
1,2107,80946,11874
1,2120,81571.8,11963
1,2112,82147.3,12053
1,2112,82751.6,12155
1,2126,83396.8,12248
1,2113,83851.2,12330
1,2101,84235.9,12407
1,2104,84906.4,12486
1,2112,85536.6,12575
1,2121,86175.6,12670
1,2112,86673.9,12751
1,2118,87152.5,12845
1,2111,87624,12935
1,2123,88196.3,13023
1,2117,88707.3,13109
1,2103,88977.2,13184
1,2114,89719,13271
1,2128,90178,13358
1,2112,90656.6,13453
1,2121,91411.3,13547
1,2115,92118.1,13643
1,2126,92758.9,13735
1,2118,93525.1,13833
1,2113,93923.3,13916
1,2105,94361.6,13992
1,2114,95045.8,14077
1,2122,95637.8,14174
1,2110,96376.3,14259
1,2100,96815.3,14334
1,2120,97059.6,14422
1,2130,97856.1,14532
1,2107,98429.6,14619
1,2107,98883.1,14699
1,2115,99594.9,14798
1,2110,100223,14888
1,2112,100681,14974
1,2103,101247,15059
1,2100,101691,15134
1,2125,102121,15233
1,2126,102827,15334
1,2127,103760,15434
1,2115,104535,15540
1,2122,105240,15635
1,2126,106118,15738
1,2125,106992,15844
1,2122,107593,15931
1,2127,108373,16023
1,2101,108931,16101
1,2121,109373,16179
1,2110,110212,16286
1,2126,110640,16367
1,2107,111233,16451
1,2113,111685,16532
1,2115,112318,16620
1,2113,113065,16710
1,2116,113708,16803
1,2131,114185,16898
1,2091,114563,16972
1,2106,115126,17054
1,2109,115522,17136
1,2129,115958,17212
1,2109,116420,17297
1,2110,116821,17384
1,2105,117205,17462
1,2110,117571,17556
1,2112,117858,17636
1,2113,118419,17716
1,2125,118940,17808
1,2124,119498,17913
1,2096,119762,17985
1,2124,120482,18090
1,2125,121462,18191
1,2108,121850,18269
1,2112,122296,18349
1,2112,122858,18432
1,2108,123149,18516
1,2121,123786,18610
1,2118,124216,18706
1,2130,124850,18794
1,2112,125254,18878
1,2120,125874,18960
1,2111,126490,19040
1,2114,127186,19133
1,2122,127822,19232
1,2109,128535,19322
1,2112,129166,19411
1,2103,129803,19501
1,2107,130158,19588
1,2115,130725,19670
1,2116,131374,19767
1,2113,131850,19858
1,2118,132323,19950
1,2107,132897,20038
1,2103,133532,20128
1,2115,133794,20198
1,2103,134139,20280
1,2111,134547,20367
1,2119,135309,20465
1,2133,136599,20579
1,2104,137156,20662
1,2115,137492,20740
1,2100,137935,20816
1,2114,138687,20909
1,2112,139254,20995
1,2099,139520,21068
1,2101,139973,21149
1,2103,140622,21242
1,2115,141701,21345
1,2130,142425,21450
1,2108,143301,21548
1,2112,144020,21638
1,2112,144693,21736
1,2103,145210,21822
1,2122,145983,21923
1,2105,146438,22006
1,2114,146893,22088
1,2113,147523,22174
1,2106,147857,22251
1,2106,148437,22340
1,2110,148991,22421
1,2097,149295,22506
2,2114,631.276,80
2,2109,1399.58,178
2,2119,1685.91,258
2,2117,2390.49,355
2,2105,3209.16,448
2,2109,3595.51,525
2,2101,4226.87,615
2,2107,4673.99,697
2,2110,5012.08,775
2,2106,5576.96,854
2,2122,6129.75,929
2,2111,6653.94,1018
2,2115,7226.63,1104
2,2106,7636.76,1187
2,2130,8653.01,1298
2,2117,9189.04,1392
2,2108,9746.25,1470
2,2110,10473.3,1553
2,2116,11227,1645
2,2124,11831.5,1743
2,2113,12286,1826
2,2109,13038.2,1916
2,2107,13485.4,1995
2,2110,13900.2,2088
2,2101,14197.1,2174
2,2119,14945.6,2267
2,2134,15554.9,2365
2,2113,16012.9,2448
2,2121,16647.6,2534
2,2121,17589.6,2631
2,2133,18267.8,2735
2,2129,18862.7,2834
2,2115,19309.7,2936
2,2096,19590.4,3015
2,2105,20040.2,3099
2,2116,20565.6,3186
2,2109,21037.4,3277
2,2088,21432.1,3346
2,2112,22030.7,3432
2,2101,22550.8,3517
2,2134,23117.9,3627
2,2106,23575.1,3712
2,2110,23906,3789
2,2123,24604.6,3884
2,2116,25348.8,3974
2,2104,25779.8,4047
2,2112,26283.1,4127
2,2114,27012.8,4210
2,2112,27468.4,4292
2,2112,27994.5,4380
2,2102,28331,4459
2,2111,28976.6,4554
2,2106,29541.3,4636
2,2107,30028.6,4708
2,2117,30626.4,4804
2,2114,31437.7,4901
2,2114,32122.6,4989
2,2106,32845.1,5094
2,2098,33289.2,5170
2,2096,34177.6,5261
2,2114,34564.4,5339
2,2111,35054.7,5413
2,2129,35701.1,5512
2,2104,36191.9,5596
2,2123,36703.9,5688
2,2112,37172.3,5766
2,2107,37480.7,5839
2,2115,38087.7,5928
2,2105,38526.7,6003
2,2112,39060.8,6099
2,2123,39429.4,6192
2,2105,40062.8,6283
2,2110,40650.6,6363
2,2094,41125.8,6441
2,2105,41884.4,6534
2,2130,43122.7,6649
2,2111,44155.6,6744
2,2098,44621.2,6832
2,2115,45137.4,6921
2,2111,45883.2,7008
2,2118,46520.5,7098
2,2120,46911.5,7177
2,2097,47365.1,7260
2,2112,47985.6,7345
2,2105,48496,7426
2,2103,48941.1,7507
2,2105,49167.7,7584
2,2118,50048.2,7686
2,2101,50295.2,7761
2,2100,50660.7,7842
2,2103,51391.2,7938
2,2123,51785,8018
2,2107,52604.7,8119
2,2113,53352.5,8209
2,2116,54221.1,8305
2,2121,54765,8402
2,2097,55486.4,8482
2,2091,55746.9,8550
2,2115,56678.3,8649
2,2111,57420.8,8738
2,2115,57923.7,8820
2,2116,58443.2,8908
2,2099,59176.7,8997
2,2109,59563.2,9072
2,2117,60489.7,9172
2,2111,61235.6,9264
2,2125,61639.5,9349
2,2130,62665.1,9464
2,2123,63250.1,9556
2,2100,63756.2,9635
2,2108,64667.7,9726
2,2096,65225.6,9805
2,2122,65580.2,9890
2,2100,66265.1,9977
2,2109,66945.1,10062
2,2114,67639.2,10156
2,2119,68513.3,10278
2,2111,69373.1,10369
2,2105,69713.8,10449
2,2108,70220.2,10532
2,2122,70562.7,10615
2,2100,71079.7,10701
2,2108,71534.7,10790
2,2118,72369.6,10885
2,2118,72844.7,10977
2,2103,73347.2,11057
2,2107,73961.2,11137
2,2120,74613.1,11235
2,2130,75203.2,11328
2,2115,75791.3,11420
2,2116,76254.1,11504
2,2102,76568.8,11572
2,2120,77220.2,11672
2,2105,77778.9,11754
2,2115,78464.2,11844
2,2115,79221.4,11941
2,2109,79742.2,12031
2,2096,80255.1,12116
2,2104,80704.2,12195
2,2096,81041.9,12274
2,2132,81514.7,12363
2,2121,82041.6,12452
2,2115,82896.1,12548
2,2103,83324.1,12632
2,2121,83904.2,12721
2,2108,84417.8,12805
2,2105,85299.9,12909
2,2098,85690.9,12987
2,2105,86529.4,13073
2,2121,87127.9,13169
2,2102,87417.4,13252
2,2104,87805.5,13328
2,2122,88811.8,13435
2,2111,89444,13521
2,2124,89862.1,13611
2,2109,90903.7,13713
2,2117,91297.3,13791
2,2115,92132.7,13898
2,2097,92810.1,13983
2,2119,93238.3,14079
2,2089,93639.3,14161
2,2098,94097.5,14245
2,2123,94499.5,14328
2,2110,95117.7,14412
2,2116,95576.5,14494
2,2118,95981.2,14582
2,2108,96375.2,14664
2,2103,97140.1,14755
2,2109,97682.6,14851
2,2112,97962.7,14929
2,2115,98618.5,15028
2,2106,99145.5,15119
2,2101,99777,15205
2,2106,100294,15290
2,2114,101115,15390
2,2108,101694,15478
2,2114,102144,15561
2,2113,102731,15652
2,2120,103374,15747
2,2115,103765,15826
2,2100,104397,15915
2,2123,104734,15995
2,2120,105242,16080
2,2118,105764,16168
2,2116,106283,16258
2,2114,106738,16341
2,2105,107144,16427
2,2119,107506,16516
2,2120,108037,16610
2,2114,108687,16706
2,2119,109119,16799
2,2131,109865,16911
2,2120,110459,17008
2,2110,110981,17098
2,2104,111545,17180
2,2103,111818,17254
2,2119,112217,17339
2,2087,112598,17411
2,2109,113419,17509
2,2118,113813,17591
2,2118,114413,17691
2,2104,114806,17769
2,2102,116080,17869
2,2103,116598,17954
2,2114,117238,18045
2,2101,117556,18113
2,2098,117813,18181
2,2104,118339,18273
2,2115,119023,18361
2,2129,119561,18456
2,2113,119936,18528
2,2102,120344,18615
2,2109,121162,18712
2,2127,122119,18825
2,2123,122821,18918
2,2117,123464,19014
2,2104,123887,19084
2,2109,124212,19159
2,2111,124775,19240
2,2100,125233,19323
2,2117,125634,19407
2,2120,125990,19496
2,2116,126879,19600
2,2124,127423,19699
2,2106,128003,19790
2,2111,128409,19877
2,2098,128917,19958
2,2103,129230,20027
2,2121,129989,20127
2,2093,130314,20199
2,2108,130814,20277
2,2128,131225,20366
2,2108,132043,20463
2,2107,132320,20540
2,2107,132849,20632
2,2106,133186,20708
2,2101,133732,20781
2,2127,134508,20886
2,2099,134959,20966
2,2126,135668,21066
2,2121,136566,21172
2,2098,136965,21255
2,2121,137777,21348
2,2122,138344,21432
2,2119,139162,21531
2,2113,140602,21621
2,2102,140960,21701
2,2119,141365,21785
2,2115,142016,21882
2,2104,142646,21959
2,2119,143071,22042
2,2122,143756,22131
2,2121,144337,22221
2,2117,144915,22312
2,2111,145472,22395
2,2102,146475,22498
2,2102,146898,22577
2,2101,147439,22660
2,2120,148295,22756
2,2139,149722,22884
2,2103,150054,22959
3,2117,875.614,86
3,2100,1326.64,160
3,2119,2111.81,250
3,2112,2598,339
3,2124,3240.48,420
3,2114,3896.71,510
3,2115,4233.4,591
3,2099,4869.53,671
3,2112,5616.81,755
3,2111,6262.96,845
3,2118,6783.35,927
3,2112,7747.3,1034
3,2120,8407.46,1129
3,2117,8701.31,1208
3,2115,9383.47,1298
3,2103,9904.17,1378
3,2091,10387.9,1452
3,2112,11019.7,1539
3,2096,11880.9,1626
3,2111,12979.3,1728
3,2105,13515.5,1804
3,2106,14257.6,1883
3,2115,14980.4,1972
3,2136,16090.7,2082
3,2098,16929.6,2165
3,2114,17628.7,2247
3,2094,18039,2325
3,2118,18847.2,2419
3,2099,19355.8,2491
3,2113,19845,2575
3,2124,20533.1,2664
3,2112,21252.6,2748
3,2118,21926.7,2829
3,2104,22282.2,2896
3,2116,23052.1,2988
3,2114,23506,3067
3,2097,23971.9,3150
3,2112,24526.6,3230
3,2103,25238.9,3318
3,2108,25733.5,3387
3,2117,26603,3489
3,2110,27029.7,3571
3,2108,27722.6,3667
3,2115,28647.6,3761
3,2127,29365.2,3846
3,2098,29850.6,3925
3,2108,30309.9,4011
3,2101,30728,4099
3,2118,31177.4,4178
3,2128,31787.2,4271
3,2130,32852,4383
3,2128,33219.7,4475
3,2105,33919.7,4563
3,2102,34319.1,4644
3,2119,35288.1,4734
3,2118,36251.1,4837
3,2125,37214.3,4937
3,2113,37689.4,5023
3,2114,38227.1,5113
3,2123,38822.8,5207
3,2113,39520.1,5297
3,2111,40292.7,5392
3,2115,40636.6,5470
3,2124,41057.6,5560
3,2119,41502,5655
3,2102,41784.1,5728
3,2117,42144,5813
3,2102,42653.8,5895
3,2119,43439.9,6000
3,2128,44024.6,6090
3,2104,44414.3,6169
3,2110,45116.1,6259
3,2100,45574.8,6341
3,2114,46469.5,6444
3,2113,46871,6522
3,2118,47404.9,6609
3,2112,48253.5,6710
3,2117,48915.5,6810
3,2121,49235.1,6905
3,2095,49750.1,6985
3,2118,50209.7,7066
3,2092,50788.7,7150
3,2121,51692,7260
3,2093,52084.4,7333
3,2122,52600.9,7419
3,2118,53172.6,7507
3,2114,53860.7,7596
3,2124,54577.7,7685
3,2106,54954,7771
3,2120,55437.1,7851
3,2101,56015.2,7934
3,2100,56734.5,8005
3,2131,57416.8,8087
3,2110,57988.4,8166
3,2110,58455.8,8235
3,2105,59072.7,8304
3,2119,59769.3,8399
3,2109,60372.5,8478
3,2107,61127.5,8562
3,2120,61816.8,8650
3,2107,62620.9,8750
3,2100,63186.7,8837
3,2107,63693.5,8911
3,2110,64542.6,9011
3,2109,65049,9091
3,2135,65948.1,9196
3,2107,66665.8,9293
3,2112,66940.7,9366
3,2105,67578.2,9456
3,2131,68374.4,9561
3,2110,69657.1,9670
3,2110,70058.8,9750
3,2117,70708.7,9843
3,2113,70992,9923
3,2112,71456.6,10008
3,2106,72106.8,10104
3,2115,72943,10205
3,2107,73629.4,10288
3,2113,74283.4,10382
3,2099,74612,10458
3,2115,75505.8,10560
3,2125,76866.7,10674
3,2093,77236.1,10742
3,2113,77781.4,10833
3,2099,78514.1,10922
3,2102,78968.9,11002
3,2104,79369,11086
3,2106,80076.5,11182
3,2135,80875.2,11295
3,2107,81159.1,11375
3,2107,81612.3,11455
3,2097,82185.7,11543
3,2118,82880.6,11630
3,2095,83148.5,11701
3,2107,83435.7,11781
3,2101,84113.7,11862
3,2105,84520.7,11945
3,2090,84783.1,12013
3,2113,85117.5,12088
3,2100,85689.1,12171
3,2101,86247.7,12247
3,2095,86517.6,12317
3,2105,86914.2,12396
3,2095,87176.5,12465
3,2121,87662.9,12559
3,2123,88120.5,12642
3,2114,88770.2,12736
3,2098,89140.3,12805
3,2114,89811.1,12904
3,2134,90349.8,13000
3,2118,90761.8,13087
3,2102,91509.7,13178
3,2112,91905.4,13256
3,2107,92548.9,13349
3,2114,93002.5,13429
3,2117,93461.8,13511
3,2086,93706.5,13585
3,2123,94487.5,13683
3,2119,95146.3,13778
3,2111,95680.7,13861
3,2105,96125.9,13933
3,2113,96641.6,14014
3,2113,97353.5,14112
3,2124,98056.3,14202
3,2116,98515.1,14288
3,2110,98796.5,14364
3,2116,99240.1,14440
3,2116,99850.1,14538
3,2111,100405,14640
3,2100,100974,14719
3,2130,101686,14815
3,2117,102388,14909
3,2110,102891,14987
3,2106,103228,15064
3,2117,104445,15170
3,2097,105023,15240
3,2129,105872,15349
3,2107,106293,15420
3,2120,106638,15496
3,2103,107024,15568
3,2121,107703,15663
3,2089,108159,15739
3,2112,108638,15821
3,2116,109099,15901
3,2114,109593,15983
3,2116,110376,16078
3,2108,110597,16149
3,2111,111389,16238
3,2106,111828,16313
3,2104,112150,16399
3,2110,112847,16486
3,2115,113194,16565
3,2112,113673,16647
3,2103,114437,16739
3,2103,114861,16805
3,2100,115284,16880
3,2118,116138,16980
3,2092,116554,17062
3,2119,117261,17151
3,2108,117723,17227
3,2125,118335,17326
3,2114,118815,17410
3,2113,119398,17495
3,2097,119895,17566
3,2119,120461,17650
3,2120,120879,17740
3,2117,121254,17834
3,2126,121802,17932
3,2118,122585,18036
3,2113,123361,18131
3,2108,123807,18224
3,2110,124483,18305
3,2121,125082,18402
3,2109,125555,18490
3,2104,125893,18566
3,2104,126373,18638
3,2099,126701,18714
3,2107,127167,18798
3,2098,127693,18879
3,2107,128324,18965
3,2113,128676,19049
3,2114,129163,19136
3,2124,129911,19231
3,2115,130957,19329
3,2107,131612,19415
3,2122,132373,19514
3,2115,133069,19610
3,2111,133546,19696
3,2114,134329,19792
3,2116,134987,19889
3,2118,135983,19995
3,2104,136469,20070
3,2113,137298,20167
3,2124,137807,20256
3,2109,138523,20349
3,2117,139184,20436
3,2103,139525,20513
3,2085,139844,20575
3,2126,140944,20683
3,2102,141325,20753
3,2103,141709,20826
3,2107,142487,20922
3,2117,143424,21027
3,2102,143916,21108
3,2111,144529,21201
3,2106,145193,21292
3,2123,146123,21393
3,2106,146658,21473
3,2133,148025,21591
3,2106,148709,21684
3,2116,149228,21764
4,2094,483.085,83
4,2112,1064.22,173
4,2110,1639.59,253
4,2118,2040.5,333
4,2105,2473.87,421
4,2103,3024.27,504
4,2103,3469.78,590
4,2128,3971.26,679
4,2119,4740.54,765
4,2110,5342.26,856
4,2120,6083.4,954
4,2108,6888.48,1047
4,2102,7313.3,1129
4,2106,8039.87,1214
4,2107,8272.69,1288
4,2110,8972.72,1380
4,2109,9526.44,1462
4,2115,9929.41,1545
4,2101,10255.8,1622
4,2131,11290.1,1721
4,2111,12370.4,1831
4,2117,13007.2,1930
4,2113,14018.9,2031
4,2109,14439.5,2108
4,2105,15351.9,2200
4,2102,15956.5,2293
4,2111,16860.6,2386
4,2103,17572.8,2465
4,2119,18561.4,2577
4,2097,18854,2649
4,2115,19487.1,2744
4,2110,20231.9,2831
4,2107,20741.8,2916
4,2122,21617.3,3013
4,2113,22174.9,3098
4,2127,23251.6,3201
4,2113,23556.2,3280
4,2106,24230.3,3362
4,2112,24609.5,3447
4,2112,24972.2,3526
4,2102,25267.2,3600
4,2094,25776.9,3678
4,2119,26525.5,3773
4,2102,27022.3,3854
4,2109,27521.9,3939
4,2130,28078.2,4047
4,2097,28322.3,4124
4,2108,28986.9,4206
4,2097,29517.6,4281
4,2129,30272.4,4377
4,2115,31517,4482
4,2093,32001.3,4556
4,2106,32483.7,4637
4,2114,33031.8,4723
4,2106,33701.6,4806
4,2110,34127.5,4886
4,2105,34707.6,4979
4,2112,35331.1,5071
4,2125,35870.1,5151
4,2118,36617.4,5242
4,2116,37458.6,5332
4,2123,38150.7,5425
4,2125,38978.4,5530
4,2110,39313,5597
4,2106,40041.8,5681
4,2124,40659.7,5768
4,2118,41217.4,5855
4,2113,41701.5,5937
4,2097,42191.1,6015
4,2108,43060.7,6110
4,2098,43665.6,6195
4,2132,44546.5,6295
4,2092,45274,6375
4,2121,45855.4,6463
4,2110,46279.7,6540
4,2119,46974.4,6633
4,2103,47328,6707
4,2109,47835.2,6789
4,2124,48607,6887
4,2099,48962.4,6959
4,2114,49534.1,7047
4,2128,50592.7,7146
4,2114,51385.4,7248
4,2105,51875.2,7327
4,2112,52631.7,7417
4,2127,53041.3,7493
4,2109,53789.4,7582
4,2123,54506.4,7667
4,2107,54943.7,7747
4,2102,55692,7836
4,2094,56381.6,7920
4,2122,56833,8006
4,2103,57489.1,8084
4,2127,58129.9,8186
4,2120,58481.6,8265
4,2110,58929.3,8347
4,2117,59679.6,8430
4,2105,60588.3,8523
4,2122,61456.1,8618
4,2114,62147.3,8713
4,2112,62640.7,8802
4,2093,63275.8,8881
4,2105,63952.8,8974
4,2121,64607.7,9074
4,2106,65002.9,9139
4,2113,65634.6,9228
4,2116,66657.8,9325
4,2119,67336.7,9420
4,2092,67771.7,9490
4,2101,68364.9,9573
4,2112,68992.8,9666
4,2124,69790.4,9759
4,2119,70595.8,9844
4,2099,71334.6,9929
4,2115,71710.8,10011
4,2104,72068.2,10084
4,2119,72567.2,10165
4,2110,73029.1,10258
4,2123,74074,10364
4,2137,74656.2,10456
4,2115,75196,10532
4,2110,75823.1,10618
4,2108,76378.1,10697
4,2107,76973.2,10791
4,2107,77618,10882
4,2111,78718.3,10979
4,2088,79161.7,11058
4,2117,79606.8,11143
4,2117,79965.1,11214
4,2099,80385.1,11289
4,2116,80945,11373
4,2124,81697.8,11460
4,2113,82098.4,11549
4,2104,82474.3,11630
4,2103,83038.1,11715
4,2098,83508.1,11790
4,2136,83830.4,11870
4,2121,84426.1,11966
4,2103,84684.7,12043
4,2121,85289.8,12145
4,2107,85771,12218
4,2098,86393.4,12298
4,2108,86795.9,12368
4,2112,87366.1,12455
4,2104,87938,12536
4,2123,88416.2,12637
4,2103,88845.7,12715
4,2115,89469.2,12799
4,2127,90081.7,12904
4,2108,90826.5,12992
4,2097,91396.4,13077
4,2100,91905.1,13158
4,2102,92586.9,13244
4,2109,93022.1,13327
4,2114,93643.2,13415
4,2119,94165,13507
4,2132,95327.7,13616
4,2111,96153.1,13710
4,2114,96779.4,13799
4,2121,97100.6,13886
4,2120,97544.9,13968
4,2110,97983.3,14051
4,2106,98853.5,14143
4,2111,99537.4,14228
4,2135,100288,14335
4,2108,100792,14418
4,2104,101351,14500
4,2113,102132,14601
4,2106,102745,14680
4,2108,103576,14772
4,2117,104402,14863
4,2108,104877,14960
4,2120,105411,15054
4,2109,105776,15127
4,2103,106333,15209
4,2099,107023,15298
4,2111,107651,15388
4,2117,108275,15469
4,2112,108602,15555
4,2121,109070,15649
4,2106,109815,15733
4,2116,110838,15833
4,2114,111588,15920
4,2116,112092,16005
4,2107,112542,16091
4,2130,113289,16201
4,2119,113953,16299
4,2103,114323,16377
4,2099,114757,16458
4,2103,115304,16536
4,2120,115752,16621
4,2120,116837,16723
4,2115,117460,16807
4,2102,117965,16891
4,2110,118525,16972
4,2131,119203,17079
4,2120,119606,17145
4,2107,120320,17234
4,2115,121258,17329
4,2115,121778,17420
4,2097,122408,17505
4,2110,123037,17590
4,2118,123934,17687
4,2116,124447,17774
4,2110,124870,17850
4,2119,125387,17940
4,2114,125915,18028
4,2112,126928,18131
4,2123,127551,18224
4,2111,128032,18298
4,2113,128358,18382
4,2125,129008,18477
4,2114,129765,18564
4,2112,130806,18669
4,2138,131457,18770
4,2128,132253,18875
4,2111,132879,18960
4,2113,133495,19041
4,2098,133823,19098
4,2118,134180,19172
4,2110,134777,19248
4,2110,135403,19332
4,2122,136641,19445
4,2105,137133,19524
4,2107,137967,19618
4,2100,138557,19699
4,2105,139015,19779
4,2111,139506,19870
4,2116,140421,19959
4,2099,140744,20033
4,2115,141204,20113
4,2107,141594,20192
4,2100,142386,20282
4,2116,143054,20370
4,2126,143712,20470
4,2118,144287,20565
4,2121,145161,20657
4,2114,145881,20745
4,2104,146627,20830
4,2107,147478,20926
4,2108,148241,21015
4,2104,148819,21094
4,2112,149248,21171
5,2117,1089.31,100
5,2106,1629.08,197
5,2120,1874.77,274
5,2109,2378.76,356
5,2109,2675.49,429
5,2108,3108.87,506
5,2113,3939.84,604
5,2110,4716.73,699
5,2125,5326.49,777
5,2101,5884.41,857
5,2105,6438.11,941
5,2134,7084.88,1033
5,2139,7950.23,1139
5,2114,8651.89,1229
5,2108,9028.15,1306
5,2114,9672.66,1396
5,2110,10099.9,1471
5,2116,10663.7,1555
5,2119,11152.9,1631
5,2120,11536.5,1716
5,2115,12362.8,1808
5,2112,12893.5,1901
5,2100,13129.2,1971
5,2112,13965.2,2064
5,2107,14520.3,2141
5,2105,15085.9,2225
5,2112,15984.6,2320
5,2108,16283.1,2392
5,2106,16772.7,2468
5,2113,17197.2,2544
5,2118,17681.7,2618
5,2115,18393.4,2707
5,2125,19051.5,2805
5,2098,19812.4,2889
5,2107,20450.9,2962
5,2109,21257.3,3046
5,2109,21820.4,3129
5,2089,22149.9,3190
5,2112,22690.5,3270
5,2128,23849.6,3376
5,2113,24846.2,3476
5,2113,25687.6,3571
5,2098,26183.8,3643
5,2123,26890.3,3725
5,2122,27479.7,3822
5,2109,28379.6,3919
5,2090,28589.1,3980
5,2111,29298.1,4075
5,2123,30004.9,4169
5,2106,30437.7,4248
5,2110,31263.1,4338
5,2110,31891.3,4427
5,2117,32531.7,4522
5,2115,33055.6,4614
5,2095,33672.8,4694
5,2118,34063.2,4780
5,2114,34556.2,4861
5,2119,35253,4955
5,2131,36677,5071
5,2115,37372.9,5158
5,2104,38056.6,5239
5,2108,38686.9,5328
5,2103,39190,5414
5,2122,39694.1,5500
5,2115,40224.2,5589
5,2098,40589.1,5667
5,2105,41023.3,5746
5,2110,41922.8,5837
5,2114,42418.1,5918
5,2117,43280.3,6027
5,2100,43951.1,6108
5,2101,44356.8,6179
5,2137,45419.2,6297
5,2112,45984.6,6381
5,2119,46516.4,6478
5,2124,46948.9,6558
5,2107,47548.4,6637
5,2099,48161.2,6716
5,2107,48802.8,6808
5,2110,49170.4,6883
5,2097,49536.1,6964
5,2095,49959.6,7038
5,2121,50343.3,7124
5,2117,51056.7,7217
5,2119,51601.6,7293
5,2082,52343.8,7377
5,2113,52662.5,7459
5,2115,53398.8,7567
5,2096,53968.4,7650
5,2105,54449.7,7725
5,2113,55248.6,7810
5,2097,55457.5,7870
5,2117,55819.7,7944
5,2115,56265.7,8030
5,2105,57149.2,8119
5,2104,57757,8195
5,2115,58254.9,8274
5,2116,58620.4,8351
5,2120,59319.9,8443
5,2093,59687.5,8521
5,2106,60170.6,8596
5,2105,61068,8693
5,2109,61423,8765
5,2113,62063.1,8848
5,2115,62697.7,8935
5,2113,63577.5,9026
5,2109,64153.9,9115
5,2115,64664.5,9200
5,2118,65619,9300
5,2106,66300.3,9384
5,2122,67125.6,9480
5,2115,68164,9589
5,2117,68536.5,9672
5,2120,69495.5,9770
5,2119,70045.7,9872
5,2121,70646.9,9971
5,2112,71322.8,10054
5,2116,72265.9,10149
5,2105,72796.2,10220
5,2099,73497.5,10313
5,2125,74334.7,10409
5,2126,75095.1,10502
5,2095,75582.7,10579
5,2110,76073.9,10658
5,2114,76788.3,10753
5,2094,77140.1,10826
5,2130,78010.9,10939
5,2105,78507.2,11021
5,2122,79360.8,11124
5,2097,79925.7,11204
5,2113,80178.9,11286
5,2115,80518.2,11378
5,2131,81179.9,11479
5,2101,81787,11557
5,2120,82501.5,11653
5,2120,82940.5,11733
5,2099,83623,11815
5,2111,84383.2,11906
5,2108,85278.5,12002
5,2119,86203.3,12097
5,2097,86692.4,12178
5,2136,87785.1,12284
5,2102,88125.4,12349
5,2104,88617,12421
5,2107,89183.9,12505
5,2094,90057.6,12590
5,2125,90904.5,12689
5,2109,91337.5,12764
5,2112,91743.1,12851
5,2118,92455.2,12947
5,2116,95694.2,13035
5,2116,96338,13127
5,2104,96887.7,13208
5,2114,97569.4,13308
5,2111,98076.1,13396
5,2114,98552.1,13483
5,2129,99514,13584
5,2105,99894.5,13665
5,2114,100474,13752
5,2103,100791,13816
5,2093,101290,13901
5,2103,101743,13983
5,2097,102205,14066
5,2111,102442,14142
5,2102,103372,14231
5,2112,104012,14317
5,2097,104458,14403
5,2119,105454,14516
5,2102,106218,14610
5,2096,106583,14684
5,2124,107232,14780
5,2118,107789,14860
5,2112,108163,14940
5,2108,109044,15035
5,2099,109469,15111
5,2110,109919,15196
5,2116,110351,15277
5,2088,111035,15362
5,2109,111805,15456
5,2117,112320,15546
5,2108,113062,15627
5,2115,113899,15726
5,2112,114534,15813
5,2107,114964,15894
5,2130,115617,15988
5,2120,116331,16084
5,2109,116768,16165
5,2099,117272,16250
5,2125,118122,16351
5,2114,118838,16446
5,2114,119592,16535
5,2125,120265,16640
5,2122,120701,16745
5,2123,121293,16840
5,2117,121870,16930
5,2104,122439,17015
5,2120,123534,17116
5,2111,123905,17196
5,2115,124465,17276
5,2110,125031,17361
5,2109,125856,17454
5,2099,126277,17529
5,2117,126792,17615
5,2113,127473,17698
5,2114,128610,17795
5,2128,129045,17879
5,2116,130020,17987
5,2108,130653,18075
5,2111,131361,18163
5,2128,132108,18264
5,2109,132571,18350
5,2119,133101,18441
5,2110,133538,18518
5,2123,134067,18604
5,2116,134722,18694
5,2118,135165,18774
5,2125,135861,18873
5,2118,136474,18971
5,2100,136931,19052
5,2092,137434,19129
5,2120,137923,19227
5,2108,138507,19309
5,2101,139096,19396
5,2129,140328,19515
5,2095,140899,19596
5,2094,141193,19664
5,2105,141828,19744
5,2111,142757,19846
5,2120,143414,19937
5,2101,143988,20017
5,2096,144494,20098
5,2103,145217,20190
5,2118,145873,20279
5,2107,146575,20361
5,2110,146977,20448
5,2109,147386,20537
5,2112,147901,20619
5,2092,148334,20696
5,2096,148844,20777
5,2124,149771,20877
6,2115,584.727,85
6,2120,1044.25,170
6,2100,1869.62,252
6,2110,2590.21,343
6,2106,2968.64,419
6,2111,3483.13,500
6,2104,4072.08,585
6,2111,4551.11,676
6,2107,5256.36,762
6,2126,6299.94,858
6,2119,7276.84,952
6,2112,8128.49,1045
6,2112,8731,1136
6,2122,9115.66,1215
6,2112,10051,1315
6,2112,10423.5,1391
6,2106,10669.7,1463
6,2104,11439.2,1548
6,2104,11785.6,1632
6,2118,12590.9,1731
6,2106,12853.7,1810
6,2128,13595.3,1910
6,2114,14584.5,2007
6,2112,16137.7,2108
6,2104,16798.1,2199
6,2107,17349.5,2283
6,2118,18031.5,2378
6,2102,18365.6,2436
6,2129,19089.9,2529
6,2104,19709.9,2603
6,2125,20304.6,2692
6,2091,21055.2,2770
6,2123,21702.6,2857
6,2129,22638.8,2959
6,2106,23726,3048
6,2091,24020.5,3116
6,2116,24665.8,3201
6,2110,25422.4,3284
6,2116,26267.2,3374
6,2125,27287.5,3487
6,2113,28156.3,3584
6,2128,28755.3,3675
6,2102,29626,3776
6,2109,30200.1,3858
6,2114,30951.5,3961
6,2127,31709.5,4065
6,2124,32731.6,4176
6,2124,33352.9,4278
6,2094,33670.2,4351
6,2115,34502.4,4436
6,2111,35099.2,4518
6,2094,35684,4604
6,2104,36105.3,4673
6,2117,37012.5,4765
6,2110,37518.7,4846
6,2099,38169.8,4935
6,2100,39187.5,5024
6,2105,39811.5,5102
6,2094,40523.6,5188
6,2095,41022.5,5266
6,2109,41258.6,5337
6,2097,41694.9,5411
6,2116,42686.4,5512
6,2117,43406.4,5601
6,2123,44252.1,5694
6,2106,45231.2,5789
6,2117,45990.5,5873
6,2109,46780.8,5967
6,2116,47299,6051
6,2100,47704.9,6136
6,2115,48497.2,6230
6,2109,49550.2,6327
6,2100,50265.1,6413
6,2111,50919.2,6503
6,2124,51753.7,6614
6,2115,52353.2,6705
6,2104,52946.3,6794
6,2111,53330.9,6873
6,2116,53709.5,6950
6,2095,54235.1,7038
6,2113,55015.5,7129
6,2120,55622.3,7226
6,2102,56242.5,7302
6,2091,56742.8,7379
6,2113,57657.4,7473
6,2100,58230.9,7554
6,2108,59076.8,7646
6,2112,59804.8,7737
6,2105,60438.7,7820
6,2118,60882.5,7900
6,2112,61565.1,7999
6,2114,62173.7,8093
6,2106,62765.5,8178
6,2097,63201.7,8252
6,2113,63749.7,8345
6,2116,64313.4,8424
6,2105,64854.2,8494
6,2104,65248,8578
6,2131,65824.6,8658
6,2115,66726.4,8747
6,2093,67226.3,8824
6,2112,67862.6,8907
6,2122,68374.7,9003
6,2118,69186.4,9103
6,2116,70118.2,9202
6,2123,70564.6,9275
6,2113,71307.9,9368
6,2111,71890.8,9452
6,2129,72582.9,9557
6,2117,73162.7,9639
6,2103,73797.5,9719
6,2111,74522.6,9811
6,2124,75403.3,9917
6,2123,76067,10009
6,2107,76505.4,10084
6,2121,77640.4,10187
6,2125,78900.2,10299
6,2116,79426.7,10387
6,2109,80242.3,10491
6,2087,80855.8,10564
6,2114,81635.7,10655
6,2107,82191,10729
6,2128,82946,10836
6,2117,83616.9,10931
6,2109,84339.5,11019
6,2128,85224.1,11125
6,2110,85892.9,11218
6,2104,86463.2,11298
6,2114,87051.3,11386
6,2105,87718.3,11480
6,2110,88740.7,11567
6,2114,89743,11673
6,2101,90373.4,11754
6,2129,91062.2,11857
6,2104,91434.7,11932
6,2104,91888.9,12011
6,2108,92739.5,12106
6,2117,93451.2,12193
6,2114,93953.2,12274
6,2122,94838.3,12378
6,2114,95359.3,12465
6,2117,96018.6,12557
6,2112,96604.9,12642
6,2119,97049.5,12721
6,2104,97491.5,12797
6,2122,98235.4,12875
6,2127,99041,12974
6,2102,99352.2,13049
6,2112,99621.5,13132
6,2119,100747,13235
6,2113,101387,13318
6,2129,102172,13410
6,2115,102825,13500
6,2098,103278,13582
6,2117,103825,13674
6,2107,104435,13745
6,2108,104872,13820
6,2110,105575,13902
6,2120,106308,14000
6,2111,107140,14094
6,2099,107611,14170
6,2107,108273,14260
6,2118,109248,14354
6,2108,109720,14442
6,2129,110184,14529
6,2105,111196,14629
6,2098,111736,14715
6,2113,112138,14797
6,2098,112645,14869
6,2107,113505,14959
6,2106,114054,15045
6,2115,115050,15142
6,2120,115707,15231
6,2119,116848,15337
6,2120,117635,15428
6,2105,118563,15526
6,2093,118942,15601
6,2107,119369,15675
6,2103,119742,15747
6,2122,120478,15843
6,2115,121212,15940
6,2115,121664,16022
6,2119,122088,16119
6,2107,122618,16209
6,2118,123586,16299
6,2091,124007,16369
6,2122,124547,16463
6,2125,125502,16572
6,2117,126483,16667
6,2108,127065,16750
6,2113,127571,16828
6,2099,128203,16907
6,2118,128750,17005
6,2116,129197,17087
6,2105,129721,17172
6,2126,130591,17271
6,2098,131044,17356
6,2103,131606,17435
6,2109,132352,17532
6,2115,133053,17617
6,2121,134040,17715
6,2112,134530,17788
6,2125,135273,17889
6,2110,135936,17981
6,2128,136596,18074
6,2100,136888,18143
6,2095,137311,18219
6,2093,138101,18308
6,2121,138847,18411
6,2124,139497,18502
6,2122,140164,18595
6,2112,140664,18672
6,2127,141399,18766
6,2106,141994,18856
6,2129,143251,18968
6,2103,143586,19053
6,2108,144395,19152
6,2113,144832,19239
6,2104,145594,19335
6,2125,146277,19432
6,2122,147136,19531
6,2121,147802,19623
6,2105,148521,19715
6,2101,149166,19803
6,2116,149942,19893
7,2120,606.201,94
7,2123,1297.73,195
7,2110,1760.6,279
7,2121,2157.91,366
7,2110,2663.89,445
7,2118,3593.67,543
7,2124,4068.78,632
7,2114,5156.41,738
7,2108,5878.34,828
7,2109,6545.06,916
7,2098,7514.03,995
7,2104,7946.77,1082
7,2113,8450.51,1159
7,2121,9104.57,1241
7,2123,9697.16,1329
7,2113,10413,1420
7,2112,10830.1,1509
7,2113,11451.5,1607
7,2105,12034,1688
7,2111,12836,1779
7,2126,13599.5,1890
7,2120,14278.3,1984
7,2101,15149.3,2076
7,2099,15446.2,2146
7,2118,16705.7,2252
7,2110,17249,2340
7,2114,17758.8,2420
7,2111,18104.6,2508
7,2122,18641.5,2598
7,2114,19905,2707
7,2109,20830.5,2805
7,2120,21974.9,2907
7,2107,22613.2,3000
7,2114,23099.3,3081
7,2110,23862.8,3175
7,2124,24434.8,3266
7,2105,24715.4,3354
7,2112,25364.5,3442
7,2102,25940.6,3520
7,2111,26401.7,3607
7,2116,26999.8,3699
7,2113,28009,3798
7,2110,28492.3,3884
7,2104,28877.4,3960
7,2100,29450.9,4041
7,2115,30650.7,4140
7,2104,31228.2,4217
7,2108,31838.1,4304
7,2099,32248.8,4392
7,2129,33249.9,4494
7,2102,33634.3,4567
7,2106,33898.9,4649
7,2107,34649.3,4751
7,2127,35285.9,4835
7,2122,35971.5,4932
7,2125,36614.7,5017
7,2125,37035,5111
7,2108,37406.7,5191
7,2107,37976.8,5268
7,2109,38380.7,5357
7,2126,39514.4,5464
7,2116,40211.3,5544
7,2114,40665.9,5630
7,2115,41130.7,5718
7,2116,42000.6,5817
7,2114,42933.9,5919
7,2093,43708.2,6005
7,2109,44237,6093
7,2109,44822.3,6177
7,2109,45665.4,6271
7,2116,46729.1,6378
7,2124,47599.2,6480
7,2122,48518,6578
7,2113,49423.3,6673
7,2112,50072.4,6756
7,2106,50510.4,6832
7,2121,51101.9,6921
7,2116,51920.4,7026
7,2105,52236.5,7104
7,2102,52931.2,7185
7,2095,53554.3,7264
7,2117,54272.8,7352
7,2113,54780.7,7432
7,2101,55217.7,7508
7,2094,55714.5,7579
7,2118,56503.6,7673
7,2098,56950.9,7750
7,2100,57328.6,7825
7,2109,57716.9,7906
7,2107,58549.7,7993
7,2108,59038.9,8065
7,2108,59361.5,8143
7,2106,60030.2,8234
7,2116,61103.1,8341
7,2097,61468.8,8412
7,2109,62289.5,8499
7,2115,63092.7,8599
7,2106,63675.3,8684
7,2111,64342.4,8772
7,2105,64789.2,8851
7,2099,65308.2,8936
7,2094,65961.8,9020
7,2120,67018.7,9117
7,2123,68083.3,9214
7,2097,68596.3,9291
7,2114,69005.7,9370
7,2106,69565.9,9460
7,2100,69979,9535
7,2097,70258.9,9591
7,2105,70915.2,9677
7,2099,71340,9754
7,2114,71810.5,9840
7,2098,72318.6,9917
7,2118,73169.1,10013
7,2113,74080.7,10115
7,2123,74911.5,10211
7,2120,75383,10291
7,2110,76279.7,10380
7,2114,77292.1,10468
7,2122,78455.4,10568
7,2117,78972.8,10659
7,2112,79919,10749
7,2121,80975.2,10856
7,2118,81746.4,10945
7,2116,82496.7,11038
7,2114,83382.3,11133
7,2112,84170.7,11225
7,2094,84596.4,11303
7,2114,85410.2,11389
7,2115,86146.1,11475
7,2120,87196.4,11574
7,2121,87951.3,11676
7,2114,88668.9,11759
7,2097,88981.4,11834
7,2118,89654.9,11931
7,2100,90174.7,12012
7,2116,90643.5,12098
7,2122,91666.1,12203
7,2127,92459.1,12306
7,2131,93398.5,12407
7,2108,93810.5,12481
7,2105,94335.5,12556
7,2102,94868.4,12634
7,2121,95488.9,12727
7,2093,95814.9,12795
7,2098,96413.4,12878
7,2113,97232.5,12967
7,2101,97808.1,13049
7,2110,98597.9,13134
7,2083,99043.3,13208
7,2107,100051,13296
7,2115,100716,13403
7,2109,101348,13483
7,2108,101817,13563
7,2112,102547,13655
7,2114,103061,13736
7,2104,103568,13813
7,2108,104278,13896
7,2108,105164,13985
7,2100,105723,14054
7,2114,106026,14136
7,2099,106490,14214
7,2124,107362,14318
7,2111,108065,14405
7,2132,109193,14514
7,2118,110105,14605
7,2116,110823,14696
7,2101,111217,14779
7,2105,111798,14861
7,2128,112476,14951
7,2112,113474,15041
7,2113,114495,15142
7,2102,114984,15219
7,2117,116108,15335
7,2129,116826,15425
7,2105,117279,15508
7,2109,117950,15599
7,2119,118541,15697
7,2117,119047,15782
7,2108,119618,15859
7,2116,120268,15947
7,2103,121157,16052
7,2104,122064,16141
7,2123,123233,16240
7,2104,124275,16325
7,2121,125118,16412
7,2085,125800,16486
7,2115,126599,16575
7,2127,127076,16662
7,2112,127670,16750
7,2101,128062,16832
7,2115,128839,16921
7,2095,129653,17001
7,2120,130089,17076
7,2122,130441,17164
7,2091,130884,17238
7,2128,132169,17358
7,2120,132733,17448
7,2097,133326,17532
7,2116,133896,17611
7,2117,134519,17705
7,2106,135130,17787
7,2116,136064,17877
7,2127,136901,17967
7,2114,137421,18050
7,2110,138028,18119
7,2117,139152,18223
7,2099,139800,18308
7,2125,140359,18403
7,2108,140949,18482
7,2095,141456,18561
7,2117,142031,18644
7,2095,142337,18716
7,2123,143006,18813
7,2101,143508,18890
7,2112,144228,18983
7,2104,144620,19066
7,2109,145511,19153
7,2100,146085,19236
7,2113,146978,19322
7,2111,147772,19410
7,2106,148455,19507
7,2118,149399,19607
7,2107,149984,19691
8,2117,990.629,98
8,2118,1722.68,193
8,2115,2678.87,281
8,2109,3606.8,375
8,2108,4114.41,457
8,2104,4583.14,543
8,2114,5572.03,639
8,2114,6497.9,723
8,2119,6994.68,803
8,2105,7609.02,884
8,2115,7922.36,961
8,2097,8549.32,1042
8,2110,9118.83,1133
8,2124,10241.4,1233
8,2112,11145,1333
8,2114,11993.2,1431
8,2109,12897.6,1523
8,2106,13577.2,1599
8,2102,14175.1,1677
8,2107,15285.3,1778
8,2110,15990.9,1872
8,2107,16458.4,1948
8,2112,17115.9,2024
8,2111,17706.8,2108
8,2121,18551.6,2208
8,2118,19424.2,2300
8,2120,20189,2395
8,2116,20727.2,2475
8,2108,21383.1,2552
8,2099,21801.9,2621
8,2103,22700.7,2713
8,2123,23321.6,2811
8,2106,24024.5,2900
8,2105,24362.3,2975
8,2128,24884.8,3057
8,2090,25425.9,3124
8,2117,26208.9,3213
8,2114,26810.7,3306
8,2102,27227,3373
8,2107,27998.9,3453
8,2099,28745.6,3540
8,2111,29611.5,3631
8,2116,30146.8,3707
8,2116,30652.3,3777
8,2114,31233.6,3860
8,2104,32179.1,3947
8,2106,32980.8,4028
8,2109,33601.2,4111
8,2109,34211.9,4186
8,2109,34928.6,4275
8,2108,35514.9,4358
8,2103,35827.1,4432
8,2114,36507.7,4530
8,2100,37340.7,4618
8,2107,38259.5,4714
8,2104,38755.8,4787
8,2101,39344,4871
8,2099,39852.3,4951
8,2097,40209.8,5021
8,2110,40955.5,5115
8,2120,41502.6,5211
8,2112,42298.4,5302
8,2100,43109,5395
8,2105,43664.1,5469
8,2094,44346.9,5552
8,2118,45211,5649
8,2105,46152.1,5752
8,2119,52204.1,5851
8,2111,52906.8,5948
8,2112,53660.8,6043
8,2114,54277.1,6131
8,2106,55020.2,6224
8,2108,55565,6304
8,2103,56127.1,6391
8,2099,56412.1,6463
8,2101,57065.6,6542
8,2103,57488.3,6620
8,2112,58102.3,6704
8,2116,58738.7,6800
8,2123,59609.8,6897
8,2092,60219.2,6985
8,2109,60697.8,7062
8,2116,61502.1,7158
8,2106,62532.5,7254
8,2103,63028.4,7339
8,2094,63470.1,7428
8,2125,64166.1,7523
8,2113,64719.4,7606
8,2113,65479.8,7704
8,2114,65928.4,7795
8,2121,66225.8,7873
8,2130,66692.4,7968
8,2115,67391.8,8062
8,2102,67869.1,8137
8,2087,68596.1,8223
8,2115,69322.6,8308
8,2117,69646.5,8389
8,2111,70405.1,8483
8,2130,70875.2,8558
8,2109,71672.6,8650
8,2116,72546.8,8746
8,2106,73021.2,8821
8,2117,74123.6,8913
8,2104,74803.7,9003
8,2105,75164,9077
8,2113,76002.1,9179
8,2107,76501.6,9266
8,2101,77113.5,9351
8,2096,77697.6,9433
8,2113,78638.3,9528
8,2106,79316.3,9619
8,2120,79967.8,9721
8,2113,80717.5,9814
8,2106,81491.1,9894
8,2114,81914.1,9974
8,2124,82407.1,10055
8,2103,82908.1,10139
8,2095,83385.6,10216
8,2109,83689.8,10292
8,2107,84001.8,10372
8,2114,84665,10453
8,2125,85458.5,10540
8,2116,86650.6,10647
8,2116,87592.9,10747
8,2103,88154.8,10834
8,2106,89047.9,10940
8,2118,89799.5,11033
8,2119,90375.1,11125
8,2109,91036.4,11208
8,2112,91517.8,11286
8,2105,92144.8,11378
8,2117,92471.9,11462
8,2102,93222.1,11556
8,2115,93777.5,11641
8,2111,94271.7,11722
8,2116,95122.6,11831
8,2111,95573.8,11920
8,2109,96313.5,12012
8,2105,96631.2,12093
8,2114,97118,12174
8,2096,97845.8,12260
8,2137,98901.3,12384
8,2121,99790.6,12486
8,2112,100346,12573
8,2102,100931,12647
8,2098,101504,12739
8,2112,102246,12828
8,2110,102994,12919
8,2104,103288,12995
8,2122,103806,13087
8,2113,104623,13183
8,2117,105059,13270
8,2121,106147,13384
8,2109,106922,13490
8,2101,107596,13572
8,2107,108080,13652
8,2104,108621,13735
8,2138,109405,13841
8,2111,109974,13931
8,2101,110650,14016
8,2111,111537,14117
8,2104,112023,14199
8,2106,112934,14282
8,2110,113722,14367
8,2115,114171,14458
8,2107,114645,14535
8,2119,115203,14621
8,2116,116006,14714
8,2111,116701,14807
8,2124,117396,14899
8,2101,117949,14983
8,2116,118638,15076
8,2111,119329,15172
8,2098,119829,15255
8,2094,120371,15337
8,2129,121248,15437
8,2106,121707,15528
8,2093,121971,15591
8,2114,122582,15676
8,2109,123562,15766
8,2106,124053,15849
8,2123,124700,15946
8,2107,125122,16025
8,2113,125483,16104
8,2114,126622,16211
8,2111,127030,16284
8,2122,127748,16385
8,2119,128689,16483
8,2108,129102,16559
8,2108,129410,16640
8,2127,130225,16761
8,2119,131670,16876
8,2104,132131,16950
8,2110,132735,17028
8,2116,133673,17124
8,2118,134221,17211
8,2106,134776,17294
8,2110,135519,17385
8,2102,135943,17462
8,2117,136694,17555
8,2109,137662,17643
8,2110,138268,17724
8,2114,138923,17826
8,2106,139291,17908
8,2121,140050,18003
8,2113,140836,18089
8,2109,141157,18174
8,2102,141559,18244
8,2108,142308,18334
8,2120,143184,18429
8,2111,144003,18524
8,2119,145266,18638
8,2099,145755,18720
8,2111,146691,18813
8,2113,147484,18899
8,2123,148452,19011
8,2112,148743,19083
8,2094,149162,19158
8,2122,149992,19257
9,2113,378.236,79
9,2125,877.688,160
9,2096,1364.92,241
9,2116,2156.23,343
9,2115,2651.58,425
9,2107,3595.82,517
9,2118,4340.76,609
9,2106,4844.07,692
9,2130,5622.29,783
9,2129,6338.11,877
9,2122,7296.03,975
9,2105,7699.74,1063
9,2106,8522.08,1158
9,2092,9131.21,1234
9,2118,10153.5,1336
9,2113,10623.8,1427
9,2102,11067.6,1511
9,2115,11523.9,1580
9,2102,12161.2,1670
9,2123,12806.9,1763
9,2119,13758.2,1862
9,2100,14125.5,1939
9,2117,14767.1,2032
9,2117,15259.2,2114
9,2107,15646.6,2190
9,2118,16393.7,2286
9,2122,16777.9,2373
9,2126,17159.2,2458
9,2103,17736.2,2549
9,2101,18030.8,2621
9,2114,18772.8,2707
9,2098,19046.9,2773
9,2113,19668.2,2856
9,2123,20124,2945
9,2089,20541.2,3020
9,2114,21173.3,3103
9,2114,21833.7,3196
9,2093,22708,3287
9,2094,23069.2,3361
9,2115,23421.9,3435
9,2109,24202.1,3535
9,2113,24760.6,3616
9,2095,25110.7,3684
9,2123,25933.6,3777
9,2117,26758.9,3871
9,2104,27585.2,3964
9,2119,28609.1,4068
9,2114,29114.9,4153
9,2108,29532.5,4227
9,2126,29988.9,4319
9,2107,30891.6,4418
9,2105,31445.9,4497
9,2121,31881.9,4578
9,2112,32576.5,4668
9,2097,33130.2,4751
9,2106,33700.6,4833
9,2116,34599.8,4933
9,2120,35237.6,5026
9,2125,36158,5131
9,2110,36779.1,5216
9,2125,37499.7,5313
9,2113,38754.1,5414
9,2112,39368.7,5492
9,2116,40156.2,5595
9,2112,40651.4,5676
9,2115,41410.2,5771
9,2106,42197.5,5873
9,2105,43144,5973
9,2110,43543.3,6047
9,2097,44215.5,6130
9,2128,44830.2,6235
9,2117,45547.9,6333
9,2100,46333.3,6415
9,2109,47255.4,6498
9,2095,47653.8,6563
9,2115,48603,6656
9,2115,49483.2,6749
9,2129,50537.1,6864
9,2118,51241.8,6960
9,2107,52135,7058
9,2107,52571.4,7140
9,2134,54512.3,7277
9,2120,55226.1,7369
9,2103,55785.5,7451
9,2114,56687.9,7531
9,2101,57437.3,7616
9,2102,57938.6,7695
9,2106,58324.7,7780
9,2110,59283.6,7878
9,2105,59920.3,7964
9,2112,60152.2,8033
9,2093,60586.4,8110
9,2105,61531.8,8201
9,2112,62021.8,8283
9,2115,62717.5,8374
9,2104,63208,8455
9,2099,63563.7,8525
9,2114,64212,8620
9,2112,64749.4,8693
9,2108,65750.6,8784
9,2098,66313,8868
9,2113,66927.5,8952
9,2100,67541.7,9034
9,2104,68255,9124
9,2111,68671.8,9214
9,2099,69109.9,9288
9,2122,69695,9377
9,2110,70257.1,9462
9,2101,70702.2,9548
9,2110,71459.3,9636
9,2099,71945.3,9710
9,2116,73281.6,9816
9,2127,74212.6,9919
9,2105,74774.9,9996
9,2090,75209,10071
9,2102,75619.9,10157
9,2112,76189.1,10240
9,2109,76970.5,10320
9,2105,77573.2,10394
9,2112,77954.6,10471
9,2118,78552.1,10562
9,2111,79255.4,10651
9,2119,80160.5,10745
9,2102,80599.6,10824
9,2108,80834.8,10896
9,2112,81256.3,10965
9,2105,81757.5,11044
9,2101,82311.6,11122
9,2120,82888.1,11208
9,2104,83533.3,11297
9,2110,83914.5,11377
9,2090,84208,11443
9,2121,85069.3,11549
9,2107,85456.8,11627
9,2135,86842.3,11748
9,2104,87221.7,11827
9,2097,87795.5,11910
9,2122,88385.9,12001
9,2120,89510.6,12111
9,2122,90353.8,12208
9,2100,90869.8,12292
9,2117,91552.9,12374
9,2120,92599.2,12478
9,2108,93860.6,12589
9,2119,94771.1,12686
9,2116,95927,12784
9,2114,96239.7,12860
9,2110,97085,12958
9,2106,97534,13035
9,2122,98443,13134
9,2122,99226.7,13224
9,2109,100196,13320
9,2106,101028,13408
9,2123,101812,13508
9,2104,102389,13592
9,2107,103422,13690
9,2109,104125,13772
9,2106,104782,13861
9,2121,105326,13953
9,2116,106057,14048
9,2101,106705,14132
9,2120,107516,14238
9,2114,108050,14321
9,2115,108718,14414
9,2125,109533,14511
9,2099,109906,14588
9,2123,110961,14694
9,2115,112418,14808
9,2105,112828,14895
9,2117,113418,14985
9,2121,114230,15088
9,2117,115055,15175
9,2120,115977,15277
9,2136,116761,15373
9,2117,117353,15462
9,2118,117978,15541
9,2103,118626,15630
9,2109,119180,15706
9,2103,119639,15791
9,2107,120227,15879
9,2104,120637,15946
9,2098,121205,16026
9,2121,121618,16111
9,2117,122463,16206
9,2104,122955,16282
9,2103,123463,16362
9,2093,123899,16436
9,2101,124543,16521
9,2087,125030,16590
9,2102,125470,16669
9,2113,126386,16766
9,2116,127282,16858
9,2109,127715,16932
9,2116,128452,17015
9,2109,129006,17094
9,2129,129958,17206
9,2118,130693,17301
9,2098,131633,17396
9,2111,132362,17486
9,2103,132979,17574
9,2121,133641,17656
9,2105,134041,17732
9,2093,134423,17800
9,2121,135234,17889
9,2123,135720,17977
9,2099,136246,18059
9,2114,136833,18149
9,2117,137378,18246
9,2104,138279,18339
9,2110,138633,18409
9,2106,138873,18484
9,2116,139540,18573
9,2110,140085,18643
9,2109,141136,18746
9,2109,141568,18821
9,2092,141994,18893
9,2129,142525,18982
9,2115,143083,19061
9,2105,143907,19147
9,2114,144560,19240
9,2115,145012,19323
9,2109,145881,19412
9,2117,146903,19506
9,2112,147688,19590
9,2108,148119,19665
9,2123,148719,19759
10,2116,466.035,83
10,2115,1531.33,190
10,2106,1898.44,265
10,2106,2460.63,342
10,2120,3073.19,435
10,2106,3530.72,514
10,2111,3981.34,594
10,2116,4683.58,683
10,2104,5458.72,767
10,2100,6048.61,856
10,2118,6556.69,937
10,2114,7191.77,1023
10,2103,7905.12,1108
10,2107,8537.87,1191
10,2096,9235.14,1274
10,2098,9819.66,1358
10,2112,10440.7,1442
10,2128,11369.7,1544
10,2105,11815.9,1625
10,2113,12373.4,1703
10,2120,12760.5,1784
10,2117,13747.5,1883
10,2114,14436.5,1973
10,2117,15262.5,2079
10,2095,15695.1,2152
10,2114,16224.5,2231
10,2108,16796.9,2308
10,2104,17305.4,2388
10,2112,18231.8,2479
10,2136,18590.1,2574
10,2100,19032.2,2654
10,2113,19296.8,2735
10,2105,19758.1,2820
10,2118,20501.6,2916
10,2125,21234.1,3011
10,2115,22422.3,3118
10,2109,23422.8,3221
10,2114,24268.3,3312
10,2101,24637.3,3386
10,2123,25111.8,3477
10,2130,25942.8,3588
10,2125,27073.1,3700
10,2117,27631.9,3773
10,2110,28483.9,3867
10,2114,29086.2,3959
10,2110,29667.4,4044
10,2118,30584.7,4138
10,2119,31547.1,4232
10,2107,32079.5,4323
10,2131,32620.3,4419
10,2109,33340.5,4512
10,2108,33851.2,4590
10,2110,34395.8,4687
10,2120,35187.6,4781
10,2127,36184.3,4886
10,2118,36878.3,4970
10,2100,37371.4,5046
10,2102,37683.7,5122
10,2119,38394.1,5213
10,2107,39101.8,5300
10,2093,39716.6,5375
10,2120,40324.8,5473
10,2103,40929.5,5566
10,2104,41502,5646
10,2103,41891.2,5729
10,2112,42746.5,5827
10,2127,43318.3,5910
10,2098,44020,5994
10,2109,44406.2,6071
10,2113,44874.4,6155
10,2110,45609.3,6252
10,2117,46633.2,6345
10,2126,47236,6443
10,2099,47877.9,6526
10,2124,48873.4,6631
10,2108,49523.3,6718
10,2121,50443.3,6818
10,2101,51145.7,6904
10,2113,51533,6984
10,2122,51788.8,7059
10,2118,52309,7145
10,2115,53037.2,7243
10,2116,53822.2,7334
10,2101,54203.4,7413
10,2133,55499.8,7524
10,2110,56311.2,7611
10,2105,56702.5,7689
10,2107,57214.6,7767
10,2109,57802.4,7844
10,2116,58530,7932
10,2108,58988,8013
10,2110,59372,8091
10,2130,60137.7,8194
10,2102,60800.8,8289
10,2116,61180,8364
10,2104,61626.8,8441
10,2119,62148.9,8525
10,2114,62817.7,8615
10,2117,63366.2,8704
10,2103,63885.6,8791
10,2123,64458.2,8875
10,2108,65099.6,8957
10,2095,65614.7,9037
10,2110,66460.5,9128
10,2129,67140.3,9222
10,2122,67564.4,9313
10,2124,68679.1,9416
10,2124,69169.1,9503
10,2107,69637.3,9586
10,2112,70223.5,9673
10,2098,70861.7,9757
10,2102,71354.9,9833
10,2116,71941.8,9916
10,2102,72462.2,10000
10,2109,73230.5,10087
10,2107,74011.6,10177
10,2127,74747.4,10278
10,2114,75429.6,10379
10,2111,75990.1,10458
10,2102,76460.5,10548
10,2106,77097,10629
10,2128,78137.6,10729
10,2116,78831.3,10823
10,2119,79434.4,10916
10,2119,80362.8,11017
10,2124,81328.6,11112
10,2109,81901.8,11196
10,2110,82211.9,11272
10,2122,82880.5,11370
10,2110,83508.8,11449
10,2107,84215.3,11537
10,2121,84749.3,11628
10,2131,86212.7,11750
10,2115,86904.6,11847
10,2111,87487.8,11934
10,2102,88009.6,12019
10,2097,88515.5,12100
10,2133,89000.4,12197
10,2087,89303.9,12266
10,2110,89764.9,12349
10,2120,90366.5,12445
10,2094,90846,12518
10,2119,91505.2,12608
10,2105,92072.1,12688
10,2108,92754.2,12786
10,2120,93199.5,12866
10,2110,94061.5,12964
10,2114,95102.9,13067
10,2117,95933.9,13177
10,2099,96221.2,13239
10,2106,96934.7,13329
10,2121,97983.3,13432
10,2111,98559.7,13514
10,2113,99072.6,13600
10,2103,99588.1,13679
10,2121,100805,13778
10,2121,101723,13877
10,2104,102100,13949
10,2116,102949,14046
10,2115,103610,14139
10,2117,104124,14222
10,2117,104580,14306
10,2093,105122,14390
10,2118,105957,14477
10,2102,106396,14552
10,2110,106839,14633
10,2110,107290,14715
10,2120,107691,14796
10,2112,108220,14884
10,2103,108935,14972
10,2121,109339,15057
10,2102,109981,15142
10,2120,110653,15239
10,2114,111686,15334
10,2124,112533,15429
10,2105,112965,15504
10,2108,113749,15596
10,2110,114278,15688
10,2110,115044,15776
10,2117,115817,15861
10,2105,116784,15957
10,2113,117499,16049
10,2102,118077,16126
10,2114,118791,16218
10,2111,119202,16304
10,2117,119592,16385
10,2099,120078,16458
10,2120,120660,16545
10,2108,121170,16630
10,2101,121678,16711
10,2107,122061,16793
10,2112,122760,16882
10,2112,123358,16977
10,2104,123799,17054
10,2128,124594,17153
10,2105,125155,17227
10,2108,125614,17313
10,2111,126228,17399
10,2102,126872,17477
10,2125,127593,17571
10,2098,128102,17647
10,2106,128692,17735
10,2120,129726,17837
10,2108,130496,17921
10,2111,131480,18019
10,2107,132247,18107
10,2121,133110,18203
10,2114,133830,18295
10,2110,134280,18379
10,2134,135239,18494
10,2111,136186,18578
10,2109,136819,18669
10,2140,137737,18768
10,2108,138407,18858
10,2096,138970,18936
10,2109,139803,19024
10,2098,140377,19106
10,2109,141158,19199
10,2121,141664,19278
10,2106,142305,19362
10,2112,143079,19453
10,2111,143350,19537
10,2121,144277,19641
10,2119,144621,19716
10,2103,145232,19801
10,2124,146339,19902
10,2124,147379,20004
10,2119,147962,20091
10,2113,149044,20183
10,2119,149802,20269
